{
  "project_info": {
    "project_number": "292156045277",
    "project_id": "mealmateht",
    "storage_bucket": "mealmateht.firebasestorage.app"
  },
  "client": [
    {
      "client_info": {
        "mobilesdk_app_id": "1:292156045277:android:b4a15536a3b9dfe5e62834",
        "android_client_info": {
          "package_name": "com.example.mealmate_ht"
        }
      },
      "oauth_client": [],
      "api_key": [
        {
          "current_key": "AIzaSyCYoJRcXZAD9sbNdsqQt15j-Q0721YnR3Y"
        }
      ],
      "services": {
        "appinvite_service": {
          "other_platform_oauth_client": []
        }
      }
    }
  ],
  "configuration_version": "1"
}